<?xml version="1.0" encoding="UTF-8" standalone="no" ?>
<application xmlns="http://ns.adobe.com/air/application/21.0">
  <id>animation-air-ios</id>
  <versionNumber>1.0</versionNumber>
  <filename>animation_air_ios</filename>
  <description/>
  <!-- To localize the description, use the following format for the description element.<description><text xml:lang="en">English App description goes here</text><text xml:lang="fr">French App description goes here</text><text xml:lang="ja">Japanese App description goes here</text></description>-->
  <name>animation_air_ios</name>
  <!-- To localize the name, use the following format for the name element.<name><text xml:lang="en">English App name goes here</text><text xml:lang="fr">French App name goes here</text><text xml:lang="ja">Japanese App name goes here</text></name>-->
  <copyright/>
  <initialWindow>
    <content>animation_air_ios.swf</content>
    <systemChrome>standard</systemChrome>
    <transparent>false</transparent>
    <visible>true</visible>
    <fullScreen>true</fullScreen>
    <aspectRatio>portrait</aspectRatio>
    <renderMode>auto</renderMode>
    <autoOrients>true</autoOrients></initialWindow>
  <icon/>
  <customUpdateUI>false</customUpdateUI>
  <allowBrowserInvocation>false</allowBrowserInvocation>
  <iPhone>
    <InfoAdditions>
      <![CDATA[<key>UIDeviceFamily</key><array><string>1</string><string>2</string></array>]]>
    </InfoAdditions>
    <requestedDisplayResolution>standard</requestedDisplayResolution>
  </iPhone>
  <supportedLanguages>en</supportedLanguages>
  <extensions>
    <extensionID>com.rainbowcreatures.FWEncoderANE</extensionID>
  </extensions>
</application>
